1.22464679914735e-14,200
-1.00156626646872,199.997492146811
-2.0031074151259,199.989968650139
-3.00459832878986,199.97742969866
-4.00601389153887,199.959875606835
-5.00732898934076,199.937306814893
-6.00851851068293,199.909723888826
-7.00955734720199,199.877127520375
-8.01042039431365,199.839518527008
-9.01108255184203,199.796897851903
-10.0115187246493,199.749266563925
-11.011703823265,199.696625857596
-12.0116127645152,199.638977053068
-13.0112204721518,199.576321596088
-14.0105018774808,199.508661057963
-15.0094319199917,199.43599713552
-16.0079855479857,199.358331651064
-17.0061377192036,199.27566655233
-18.0038634014545,199.188003912439
-19.001137573243,199.09534592984
-19.997935224397,198.99769492826
-20.9942313566948,198.895053356642
-21.9900009844921,198.787423789087
-22.9852191353485,198.674808924785
-23.9798608506539,198.557211587953
-24.9739011862544,198.434634727759
-25.9673152130776,198.307081418251
-26.9600780177582,198.174554858277
-27.9521647032626,198.037058371411
-28.9435503895133,197.894595405862
-29.9342102140125,197.747169534391
-30.9241193324664,197.594784454224
-31.9132529194076,197.437443986955
-32.9015861688179,197.275152078451
-33.8890942947503,197.107912798755
-34.8757525319508,196.935730341983
-35.8615361364794,196.758609026218
-36.8464203863305,196.576553293402
-37.830380582053,196.389567709227
-38.8133920473698,196.197656963016
-39.7954301297966,196.000825867608
-40.7764702012599,195.799079359239
-41.7564876587151,195.592422497416
-42.735457924763,195.380860464788
-43.7133564482667,195.16439856702
-44.6901587049668,194.943042232661
-45.6658401980969,194.716797013
-46.6403764589974,194.485668581937
-47.6137430477297,194.249662735833
-48.5859155536888,194.008785393368
-49.5568695962154,193.763042595392
-50.5265808252077,193.512440504774
-51.4950249217316,193.256985406247
-52.462177598631,192.996683706248
-53.4280146011367,192.731541932764
-54.3925117074746,192.461566735159
-55.3556447294732,192.186764884017
-56.3173895131704,191.907143270963
-57.277721939419,191.622708908497
-58.2366179244915,191.333468929816
-59.1940534206845,191.039430588633
-60.1500044169212,190.740601258999
-61.1044469393542,190.436988435114
-62.0573570519662,190.128599731142
-63.0087108571706,189.815442881019
-63.9584844964107,189.49752573826
-64.906654150758,189.174856275759
-65.8531960415094,188.847442585592
-66.7980864307842,188.515292878815
-67.7413016221183,188.178415485255
-68.6828179610598,187.836818853301
-69.622611835761,187.490511549697
-70.5606596775712,187.13950225932
-71.4969379616278,186.783799784968
-72.4314232074459,186.423413047138
-73.3640919795076,186.058351083799
-74.2949208878492,185.68862305017
-75.2238865886483,185.314238218487
-76.1509657848091,184.935205977772
-77.0761352265462,184.551535833596
-77.9993717119683,184.163237407845
-78.9206520876598,183.770320438472
-79.8399532492615,183.372794779258
-80.7572521420498,182.970670399563
-81.6725257615152,182.563957384076
-82.585751153939,182.152665932562
-83.4969054169692,181.736806359608
-84.4059657001945,181.316389094361
-85.3129092057175,180.891424680268
-86.2177131887267,180.461923774813
-87.1203549580665,180.027897149249
-88.0208118768065,179.589355688325
-88.9190613628093,179.146310390019
-89.8150808892964,178.698772365255
-90.7088479854135,178.24675283763
-91.600340236794,177.79026314313
-92.489535286121,177.329314729848
-93.3764108336883,176.863919157691
-94.260944637959,176.394088098098
-95.143114516124,175.919833333742
-96.0228983446577,175.441166758237
-96.9002740598736,174.958100375837
-97.7752196584766,174.470646301138
-98.6477131981157,173.978816758772
-99.5177327979339,173.482624083102
-100.385256639117,172.982080717913
-101.25026296544,172.477199216097
-102.112730083815,171.967992239341
-102.972636364833,171.454472557807
-103.829960243306,170.936653049817
-104.684680218811,170.414546701522
-105.536774856224,169.888166606585
-106.386222786264,169.357525965843
-107.233002706024,168.822638086987
-108.077093379506,168.283516384218
-108.918473638156,167.740174377918
-109.757122381391,167.192625694306
-110.593018577133,166.640884065099
-111.426141262333,166.084963327168
-112.256469543495,165.524877422188
-113.083982597207,164.960640396292
-113.908659670655,164.392266399715
-114.73048008215,163.819769686444
-115.549423221641,163.243164613855
-116.365468551238,162.662465642356
-117.178595605721,162.077687335027
-117.988783993058,161.488844357248
-118.796013394914,160.895951476336
-119.600263567159,160.299023561175
-120.401514340381,159.69807558184
-121.199745620387,159.093122609224
-121.994937388707,158.48417981466
-122.7870697031,157.871262469539
-123.57612269805,157.254385944928
-124.362076585267,156.633565711185
-125.144911654181,156.00881733757
-125.924608272437,155.380156491855
-126.701146886389,154.747598939931
-127.47450802159,154.111160545412
-128.244672283276,153.470857269239
-129.011620356859,152.826705169279
-129.775333008407,152.17872039992
-130.535791085128,151.52691921167
-131.29297551585,150.871317950744
-132.046867311499,150.21193305866
-132.797447565576,149.548781071823
-133.54469745463,148.881878621111
-134.28859823873,148.21124243146
-135.029131261938,147.536889321439
-135.766277952771,146.858836202834
-136.500019824674,146.177100080223
-137.230338476477,145.491698050547
-137.957215592861,144.802647302682
-138.680632944814,144.10996511701
-139.400572390092,143.413668864982
-140.117015873671,142.713776008686
-140.829945428199,142.010304100408
-141.53934317445,141.303270782191
-142.24519132177,140.592693785392
-142.947472168524,139.878590930238
-143.646168102539,139.160980125382
-144.341261601548,138.439879367448
-145.032735233624,137.715306740586
-145.720571657625,136.987280416011
-146.404753623624,136.255818651557
-147.08526397334,135.520939791211
-147.762085640574,134.782662264654
-148.435201651631,134.041004586804
-149.104595125751,133.295985357346
-149.770249275527,132.54762326027
-150.432147407332,131.795937063397
-151.090272921731,131.040945617913
-151.744609313902,130.282667857897
-152.395140174051,129.52112279984
-153.041849187817,128.756329542176
-153.684720136689,127.988307264795
-154.323736898406,127.21707522857
-154.958883447366,126.442652774867
-155.590143855027,125.665059325065
-156.217502290304,124.884314380065
-156.840943019968,124.100437519805
-157.460450409042,123.313448402766
-158.07600892119,122.523366765478
-158.687603119107,121.730212422031
-159.29521766491,120.934005263569
-159.898837320517,120.134765257801
-160.498446948033,119.332512448492
-161.09403151013,118.527266954963
-161.685576070421,117.719048971592
-162.273065793838,116.907878767296
-162.856485946999,116.093776685036
-163.435821898584,115.276763141295
-164.011059119699,114.456858625574
-164.582183184238,113.634083699874
-165.149179769248,112.808458998183
-165.712034655287,111.980005225955
-166.270733726781,111.148743159596
-166.825262972377,110.314693645938
-167.375608485297,109.477877601717
-167.921756463682,108.638316013052
-168.463693210943,107.796029934915
-169.001405136103,106.951040490604
-169.534878754135,106.103368871214
-170.064100686304,105.253036335104
-170.589057660501,104.400064207366
-171.109736511576,103.54447387929
-171.626124181669,102.686286807823
-172.138207720533,101.825524515038
-172.645974285866,100.96220858759
-173.149411143628,100.096360676175
-173.648505668361,99.2280024949865
-174.143245343508,98.3571558211735
-174.633617761724,97.4838424942921
-175.119610625189,96.6080844157582
-175.601211745914,95.7299035482988
-176.078409046052,94.8493219154008
-176.551190558193,93.9663616007587
-177.019544425673,93.081044747721
-177.483458902863,92.1933935587346
-177.94292235547,91.3034302947881
-178.397923260824,90.4111772748536
-178.848450208172,89.5166568753269
-179.294491898958,88.6198915294664
-179.736037147112,87.7209037268305
-180.173074879328,86.8197160127132
-180.60559413534,85.9163509875796
-181.0335840682,85.0108313064982
-181.45703394455,84.1031796785733
-181.875933144888,83.193418866375
-182.290271163838,82.2815716853689
-182.700037610409,81.3676610033436
-183.105222208262,80.4517097398374
-183.505814795961,79.533740865563
-183.901805327232,78.6137774018324
-184.293183871214,77.6918424199786
-184.679940612709,76.7679590407772
-185.062065852423,75.8421504338671
-185.439550007219,74.9144398171691
-185.812383610346,73.9848504563034
-186.180557311686,73.0534056640065
-186.544061877983,72.1201287995461
-186.902888193076,71.185043268136
-187.257027258128,70.2481725203485
-187.606470191851,69.3095400515265
-187.951208230729,68.3691694011943
-188.291232729238,67.4270841524672
-188.626535160063,66.4833079314601
-188.957107114312,65.5378644066951
-189.282940301725,64.590777288508
-189.604026550884,63.642070328453
-189.920357809417,62.691767318708
-190.231926144201,61.7398920914771
-190.538723741559,60.7864685183938
-190.840742907459,59.8315205099216
-191.137976067702,58.8750720147545
-191.430415768118,57.9171470192165
-191.718054674748,56.9577695466602
-192.00088557403,55.9969636568641
-192.278901372982,55.0347534454295
-192.552095099374,54.0711630431757
-192.820459901909,53.1062166155354
-193.083989050393,52.1399383619484
-193.3426759359,51.1723525152545
-193.596514070944,50.2034833410864
-193.845497089637,49.2333551372605
-194.08961874785,48.261992233168
-194.32887292337,47.2894189891644
-194.563253616054,46.3156597959587
-194.792754947979,45.3407390740019
-195.017371163587,44.3646812728746
-195.237096629834,43.3875108706734
-195.451925836328,42.4092523733973
-195.661853395468,41.4299303143332
-195.866874042578,40.4495692534407
-196.066982636042,39.468193776736
-196.26217415743,38.4858284956751
-196.452443711626,37.5024980465371
-196.637786526947,36.5182270898061
-196.81819795527,35.5330403095524
-196.993673472139,34.5469624128143
-197.164208676886,33.5600181289779
-197.329799292739,32.5722322091567
-197.490441166929,31.5836294255715
-197.646130270792,30.5942345709285
-197.796862699876,29.6040724577983
-197.942634674031,28.613167917993
-198.08344253751,27.6215458019438
-198.21928275906,26.6292309780774
-198.350151932007,25.6362483321928
-198.476046774343,24.6426227668369
-198.596964128812,23.6483792006803
-198.712900962984,22.6535425678918
-198.823854369333,21.6581378175137
-198.92982156531,20.6621899128357
-199.030799893413,19.6657238307691
-199.126786821255,18.6687645612203
-199.217779941625,17.6713371064643
-199.303776972548,16.6734664805172
-199.384775757345,15.6751777085093
-199.460774264685,14.6764958260573
-199.531770588638,13.6774458786367
-199.59776294872,12.6780529209537
-199.65874968994,11.6783420163162
-199.714729282838,10.678338236006
-199.765700323531,9.67806665864996
-199.811661533738,8.67755236959051
-199.85261176082,7.67682046025736
-199.888549977805,6.6758960275375
-199.919475283416,5.67480417314625
-199.945386902092,4.6735700029976
-199.966284184006,3.67221862657451
-199.982166605086,2.6707751562995
-199.993033767025,1.66926470690467
-199.998885397289,0.66771239480165
-199.999721349128,-0.333856662548039
-199.995541601578,-1.33541734726268
-199.986346259461,-2.33694454167089
-199.972135553383,-3.3384131289408
-199.952909839726,-4.33979799371061
-199.928669600645,-5.34107402271814
-199.899415444048,-6.3422161054304
-199.865148103586,-7.34319913467391
-199.825868438635,-8.34399800726369
-199.781577434271,-9.34458762463339
-199.732276201246,-10.3449428934644
-199.677965975964,-11.3450387263152
-199.618648120446,-12.3448500422505
-199.554324122295,-13.3443517674705
-199.484995594664,-14.3435188359391
-199.41066427621,-15.3423261900132
-199.331332031053,-16.3407487810709
-199.24700084873,-17.3387615701391
-199.157672844143,-18.3363395285224
-199.063350257507,-19.3334576384302
-198.964035454295,-20.330090893604
-198.859730925175,-21.3262142999453
-198.750439285952,-22.3218028761412
-198.636163277499,-23.3168316542918
-198.516905765693,-24.3112756805363
-198.392669741335,-25.3051100156784
-198.263458320083,-26.2983097358121
-198.12927474237,-27.2908499329466
-197.990122373322,-28.2827057156309
-197.846004702677,-29.273852209578
-197.696925344695,-30.264264558289
-197.542888038067,-31.2539179236762
-197.383896645822,-32.2427874866864
-197.219955155231,-33.2308484479224
-197.051067677706,-34.2180760282659
-196.877238448697,-35.2044454694987
-196.698471827586,-36.1899320349232
-196.514772297577,-37.1745110099833
-196.326144465585,-38.1581577028837
-196.132593062119,-39.1408474452093
-195.934122941164,-40.1225555925442
-195.730739080059,-41.1032575250892
-195.522446579373,-42.0829286482799
-195.309250662776,-43.0615443934026
-195.091156676908,-44.0390802182112
-194.868170091247,-45.0155116075422
-194.640296497969,-45.9908140739299
-194.407541611808,-46.9649631582205
-194.169911269917,-47.937934430185
-193.927411431714,-48.9097034891323
-193.68004817874,-49.8802459645211
-193.427827714501,-50.8495375165709
-193.170756364318,-51.8175538368727
-192.908840575162,-52.7842706489984
-192.642086915496,-53.7496637091095
-192.370502075111,-54.7137088065654
-192.094092864956,-55.6763817645303
-191.812866216967,-56.6376584405798
-191.526829183897,-57.5975147273062
-191.235988939134,-58.5559265529229
-190.940352776525,-59.5128698818685
-190.63992811019,-60.468320715409
-190.334722474339,-61.4222550922403
-190.024743523082,-62.3746490890888
-189.709999030235,-63.3254788213112
-189.390496889128,-64.2747204434938
-189.066245112406,-65.2223501500502
-188.737251831827,-66.1683441758187
-188.40352529806,-67.1126787966579
-188.065073880476,-68.055330330042
-187.72190606694,-68.9962751356543
-187.374030463597,-69.9354896159805
-187.021455794657,-70.8729502169005
-186.664190902174,-71.8086334282785
-186.302244745827,-72.7425157845533
-185.935626402695,-73.6745738653267
-185.564345067027,-74.6047842959502
-185.188410050015,-75.5331237481117
-184.807830779556,-76.4595689404208
-184.42261680002,-77.3840966389923
-184.032777772008,-78.3066836580287
-183.638323472111,-79.2273068604022
-183.239263792663,-80.1459431582341
-182.835608741495,-81.062569513475
-182.427368441683,-81.9771629384816
-182.014553131295,-82.8897004965936
-181.597173163132,-83.8001593027085
-181.175239004472,-84.7085165238563
-180.748761236803,-85.6147493797714
-180.317750555562,-86.5188351434642
-179.882217769865,-87.4207511417911
-179.442173802233,-88.320474756023
-178.997629688323,-89.2179834224125
-178.54859657665,-90.1132546327598
-178.095085728305,-91.0062659349776
-177.637108516673,-91.8969949336531
-177.174676427151,-92.7854192906109
-176.707801056856,-93.6715167254725
-176.236494114339,-94.5552650162151
-175.760767419284,-95.4366419997288
-175.280632902219,-96.3156255723732
-174.796102604213,-97.1921936905304
-174.307188676574,-98.066324371159
-173.813903380545,-98.937995692345
-173.316259086999,-99.8071857938511
-172.814268276122,-100.673872877666
-172.307943537108,-101.53803520855
-171.797297567838,-102.399651114579
-171.282343174563,-103.258698987694
-170.763093271583,-104.115157284233
-170.239560880923,-104.969004525481
-169.711759132008,-105.820219298201
-169.179701261329,-106.668780255177
-168.643400612118,-107.514666115747
-168.102870634008,-108.357855666334
-167.558124882696,-109.198327760983
-167.009177019606,-110.036061321887
-166.456040811545,-110.871035339918
-165.898730130356,-111.703228875154
-165.337258952575,-112.532621057404
-164.771641359072,-113.359191086728
-164.201891534708,-114.182918233963
-163.628023767971,-115.003781841243
-163.050052450623,-115.821761322513
-162.467992077335,-116.636836164048
-161.881857245328,-117.448985924968
-161.291662654001,-118.25819023775
-160.69742310457,-119.064428808737
-160.099153499689,-119.86768141865
-159.496868843083,-120.667927923092
-158.890584239165,-121.465148253056
-158.280314892664,-122.259322415427
-157.666076108239,-123.050430493481
-157.047883290096,-123.838452647392
-156.425751941605,-124.623369114718
-155.799697664907,-125.405160210909
-155.169736160522,-126.18380632979
-154.535883226961,-126.959287944061
-153.898154760325,-127.731585605781
-153.256566753908,-128.500679946858
-152.611135297795,-129.266551679536
-151.961876578458,-130.029181596876
-151.308806878355,-130.788550573239
-150.651942575514,-131.544639564766
-149.991300143126,-132.297429609855
-149.326896149136,-133.046901829637
-148.658747255819,-133.79303742845
-147.986870219369,-134.535817694307
-147.311281889475,-135.27522399937
-146.631999208901,-136.011237800414
-145.94903921306,-136.743840639295
-145.262419029584,-137.473014143407
-144.572155877901,-138.198740026151
-143.878267068797,-138.921000087387
-143.180770003985,-139.639776213892
-142.479682175667,-140.355050379817
-141.775021166096,-141.066804647136
-141.066804647136,-141.775021166096
-140.355050379817,-142.479682175667
-139.639776213892,-143.180770003985
-138.921000087387,-143.878267068797
-138.198740026152,-144.572155877901
-137.473014143407,-145.262419029584
-136.743840639295,-145.949039213059
-136.011237800414,-146.631999208901
-135.27522399937,-147.311281889475
-134.535817694307,-147.986870219369
-133.79303742845,-148.658747255819
-133.046901829637,-149.326896149136
-132.297429609855,-149.991300143126
-131.544639564766,-150.651942575514
-130.788550573239,-151.308806878355
-130.029181596876,-151.961876578458
-129.266551679536,-152.611135297795
-128.500679946858,-153.256566753908
-127.731585605781,-153.898154760325
-126.959287944061,-154.535883226961
-126.18380632979,-155.169736160522
-125.405160210909,-155.799697664907
-124.623369114718,-156.425751941606
-123.838452647392,-157.047883290096
-123.050430493481,-157.666076108239
-122.259322415427,-158.280314892664
-121.465148253056,-158.890584239165
-120.667927923092,-159.496868843082
-119.86768141865,-160.099153499689
-119.064428808737,-160.69742310457
-118.25819023775,-161.291662654001
-117.448985924968,-161.881857245328
-116.636836164048,-162.467992077335
-115.821761322512,-163.050052450623
-115.003781841243,-163.628023767971
-114.182918233963,-164.201891534708
-113.359191086728,-164.771641359072
-112.532621057404,-165.337258952575
-111.703228875155,-165.898730130356
-110.871035339918,-166.456040811545
-110.036061321887,-167.009177019606
-109.198327760983,-167.558124882695
-108.357855666334,-168.102870634008
-107.514666115747,-168.643400612118
-106.668780255177,-169.179701261329
-105.820219298201,-169.711759132008
-104.969004525481,-170.239560880923
-104.115157284233,-170.763093271583
-103.258698987694,-171.282343174563
-102.39965111458,-171.797297567838
-101.53803520855,-172.307943537108
-100.673872877666,-172.814268276122
-99.8071857938511,-173.316259086999
-98.937995692345,-173.813903380545
-98.066324371159,-174.307188676574
-97.1921936905304,-174.796102604213
-96.3156255723732,-175.280632902219
-95.4366419997289,-175.760767419284
-94.5552650162151,-176.236494114339
-93.6715167254726,-176.707801056856
-92.7854192906111,-177.174676427151
-91.8969949336532,-177.637108516673
-91.0062659349775,-178.095085728305
-90.1132546327599,-178.54859657665
-89.2179834224125,-178.997629688323
-88.3204747560229,-179.442173802233
-87.4207511417911,-179.882217769865
-86.5188351434642,-180.317750555562
-85.6147493797714,-180.748761236803
-84.7085165238564,-181.175239004472
-83.8001593027086,-181.597173163132
-82.8897004965937,-182.014553131295
-81.9771629384818,-182.427368441683
-81.0625695134751,-182.835608741495
-80.1459431582342,-183.239263792663
-79.2273068604021,-183.638323472111
-78.3066836580287,-184.032777772008
-77.3840966389923,-184.42261680002
-76.4595689404209,-184.807830779556
-75.5331237481117,-185.188410050015
-74.6047842959502,-185.564345067027
-73.6745738653268,-185.935626402695
-72.7425157845536,-186.302244745827
-71.8086334282787,-186.664190902174
-70.8729502169005,-187.021455794657
-69.9354896159806,-187.374030463597
-68.9962751356542,-187.72190606694
-68.0553303300419,-188.065073880476
-67.1126787966579,-188.40352529806
-66.1683441758188,-188.737251831827
-65.2223501500503,-189.066245112406
-64.2747204434939,-189.390496889128
-63.3254788213114,-189.709999030235
-62.374649089089,-190.024743523082
-61.4222550922405,-190.334722474339
-60.468320715409,-190.63992811019
-59.5128698818685,-190.940352776525
-58.5559265529229,-191.235988939134
-57.5975147273062,-191.526829183897
-56.6376584405799,-191.812866216967
-55.6763817645303,-192.094092864956
-54.7137088065654,-192.370502075111
-53.7496637091096,-192.642086915496
-52.7842706489985,-192.908840575162
-51.8175538368729,-193.170756364318
-50.8495375165709,-193.427827714501
-49.8802459645211,-193.68004817874
-48.9097034891322,-193.927411431714
-47.937934430185,-194.169911269917
-46.9649631582205,-194.407541611808
-45.99081407393,-194.640296497969
-45.0155116075422,-194.868170091247
-44.0390802182112,-195.091156676908
-43.0615443934027,-195.309250662776
-42.0829286482801,-195.522446579373
-41.1032575250895,-195.730739080059
-40.1225555925442,-195.934122941164
-39.1408474452093,-196.132593062119
-38.1581577028835,-196.326144465585
-37.1745110099833,-196.514772297577
-36.1899320349233,-196.698471827586
-35.2044454694987,-196.877238448697
-34.218076028266,-197.051067677706
-33.2308484479224,-197.219955155231
-32.2427874866863,-197.383896645822
-31.2539179236765,-197.542888038067
-30.2642645582892,-197.696925344695
-29.2738522095781,-197.846004702677
-28.282705715631,-197.990122373322
-27.2908499329466,-198.12927474237
-26.2983097358122,-198.263458320083
-25.3051100156784,-198.392669741335
-24.3112756805363,-198.516905765693
-23.3168316542918,-198.636163277499
-22.3218028761412,-198.750439285952
-21.3262142999452,-198.859730925175
-20.3300908936043,-198.964035454295
-19.3334576384302,-199.063350257507
-18.3363395285225,-199.157672844143
-17.338761570139,-199.24700084873
-16.3407487810708,-199.331332031053
-15.3423261900133,-199.41066427621
-14.3435188359392,-199.484995594664
-13.3443517674706,-199.554324122295
-12.3448500422507,-199.618648120446
-11.3450387263154,-199.677965975964
-10.3449428934644,-199.732276201246
-9.34458762463363,-199.781577434271
-8.34399800726376,-199.825868438635
-7.34319913467398,-199.865148103586
-6.34221610543037,-199.899415444048
-5.34107402271812,-199.928669600645
-4.33979799371067,-199.952909839726
-3.33841312894086,-199.972135553383
-2.33694454167095,-199.986346259461
-1.33541734726283,-199.995541601578
-0.333856662548011,-199.999721349128
0.667712394801589,-199.998885397289
1.66926470690443,-199.993033767025
2.67077515629944,-199.982166605086
3.67221862657436,-199.966284184006
4.67357000299754,-199.945386902092
5.67480417314619,-199.919475283416
6.67589602753744,-199.888549977805
7.6768204602573,-199.85261176082
8.67755236959045,-199.811661533738
9.67806665864981,-199.765700323531
10.678338236006,-199.714729282838
11.6783420163162,-199.65874968994
12.6780529209536,-199.59776294872
13.6774458786367,-199.531770588638
14.6764958260573,-199.460774264685
15.6751777085092,-199.384775757345
16.6734664805171,-199.303776972548
17.6713371064642,-199.217779941625
18.6687645612203,-199.126786821255
19.665723830769,-199.030799893413
20.6621899128355,-198.92982156531
21.6581378175136,-198.823854369333
22.6535425678917,-198.712900962984
23.6483792006804,-198.596964128812
24.6426227668368,-198.476046774343
25.6362483321928,-198.350151932007
26.6292309780774,-198.21928275906
27.6215458019438,-198.08344253751
28.613167917993,-197.942634674031
29.6040724577982,-197.796862699876
30.5942345709283,-197.646130270792
31.5836294255714,-197.490441166929
32.5722322091566,-197.329799292739
33.5600181289778,-197.164208676886
34.5469624128144,-196.993673472139
35.5330403095523,-196.81819795527
36.518227089806,-196.637786526947
37.502498046537,-196.452443711626
38.485828495675,-196.26217415743
39.4681937767359,-196.066982636042
40.4495692534407,-195.866874042578
41.4299303143331,-195.661853395468
42.4092523733972,-195.451925836328
43.3875108706733,-195.237096629834
44.3646812728747,-195.017371163587
45.340739074002,-194.792754947979
46.3156597959587,-194.563253616054
47.2894189891643,-194.32887292337
48.261992233168,-194.08961874785
49.2333551372605,-193.845497089637
50.2034833410863,-193.596514070944
51.1723525152544,-193.3426759359
52.1399383619482,-193.083989050393
53.1062166155354,-192.820459901909
54.0711630431757,-192.552095099374
55.0347534454296,-192.278901372982
55.9969636568642,-192.00088557403
56.9577695466602,-191.718054674748
57.9171470192165,-191.430415768118
58.8750720147544,-191.137976067702
59.8315205099216,-190.840742907459
60.7864685183938,-190.538723741559
61.739892091477,-190.231926144201
62.6917673187079,-189.920357809417
63.6420703284529,-189.604026550884
64.5907772885079,-189.282940301725
65.5378644066952,-188.957107114312
66.4833079314601,-188.626535160063
67.4270841524671,-188.291232729238
68.3691694011942,-187.951208230729
69.3095400515264,-187.606470191851
70.2481725203484,-187.257027258128
71.1850432681359,-186.902888193076
72.120128799546,-186.544061877983
73.0534056640064,-186.180557311686
73.9848504563034,-185.812383610346
74.9144398171692,-185.439550007219
75.8421504338672,-185.062065852423
76.7679590407772,-184.679940612709
77.6918424199785,-184.293183871214
78.6137774018324,-183.901805327232
79.533740865563,-183.505814795961
80.4517097398372,-183.105222208262
81.3676610033435,-182.700037610409
82.2815716853687,-182.290271163838
83.1934188663749,-181.875933144888
84.1031796785732,-181.45703394455
85.0108313064983,-181.0335840682
85.9163509875797,-180.60559413534
86.8197160127132,-180.173074879328
87.7209037268304,-179.736037147112
88.6198915294664,-179.294491898958
89.5166568753268,-178.848450208172
90.4111772748535,-178.397923260824
91.3034302947879,-177.94292235547
92.1933935587344,-177.483458902863
93.081044747721,-177.019544425673
93.9663616007587,-176.551190558193
94.8493219154009,-176.078409046052
95.7299035482988,-175.601211745914
96.6080844157582,-175.119610625189
97.483842494292,-174.633617761724
98.3571558211735,-174.143245343509
99.2280024949864,-173.648505668361
100.096360676175,-173.149411143628
100.96220858759,-172.645974285866
101.825524515038,-172.138207720533
102.686286807823,-171.626124181669
103.54447387929,-171.109736511576
104.400064207367,-170.589057660501
105.253036335104,-170.064100686304
106.103368871214,-169.534878754135
106.951040490604,-169.001405136103
107.796029934915,-168.463693210943
108.638316013052,-167.921756463682
109.477877601717,-167.375608485297
110.314693645938,-166.825262972377
111.148743159596,-166.270733726781
111.980005225955,-165.712034655287
112.808458998183,-165.149179769248
113.634083699874,-164.582183184238
114.456858625574,-164.011059119699
115.276763141295,-163.435821898584
116.093776685036,-162.856485946999
116.907878767296,-162.273065793838
117.719048971591,-161.685576070422
118.527266954963,-161.09403151013
119.332512448491,-160.498446948033
120.134765257801,-159.898837320517
120.934005263569,-159.29521766491
121.730212422031,-158.687603119107
122.523366765478,-158.07600892119
123.313448402765,-157.460450409042
124.100437519805,-156.840943019969
124.884314380065,-156.217502290304
125.665059325065,-155.590143855027
126.442652774867,-154.958883447366
127.21707522857,-154.323736898406
127.988307264795,-153.684720136689
128.756329542176,-153.041849187817
129.521122799841,-152.395140174051
130.282667857897,-151.744609313902
131.040945617913,-151.090272921731
131.795937063397,-150.432147407332
132.54762326027,-149.770249275527
133.295985357346,-149.104595125751
134.041004586804,-148.435201651631
134.782662264654,-147.762085640574
135.52093979121,-147.08526397334
136.255818651557,-146.404753623624
136.987280416011,-145.720571657625
137.715306740586,-145.032735233624
138.439879367448,-144.341261601547
139.160980125382,-143.64616810254
139.878590930238,-142.947472168524
140.592693785392,-142.245191321771
141.303270782191,-141.53934317445
142.010304100408,-140.829945428199
142.713776008686,-140.117015873671
143.413668864982,-139.400572390092
144.10996511701,-138.680632944814
144.802647302682,-137.957215592861
145.491698050547,-137.230338476477
146.177100080224,-136.500019824674
146.858836202834,-135.766277952771
147.536889321439,-135.029131261938
148.21124243146,-134.28859823873
148.881878621111,-133.54469745463
149.548781071823,-132.797447565576
150.21193305866,-132.0468673115
150.871317950744,-131.29297551585
151.52691921167,-130.535791085128
152.17872039992,-129.775333008407
152.826705169279,-129.011620356859
153.470857269239,-128.244672283276
154.111160545412,-127.47450802159
154.74759893993,-126.701146886389
155.380156491855,-125.924608272437
156.00881733757,-125.144911654181
156.633565711185,-124.362076585267
157.254385944928,-123.57612269805
157.871262469539,-122.7870697031
158.48417981466,-121.994937388707
159.093122609224,-121.199745620387
159.69807558184,-120.401514340381
160.299023561175,-119.600263567159
160.895951476336,-118.796013394914
161.488844357248,-117.988783993059
162.077687335027,-117.178595605721
162.662465642356,-116.365468551238
163.243164613855,-115.549423221641
163.819769686444,-114.73048008215
164.392266399715,-113.908659670655
164.960640396291,-113.083982597207
165.524877422188,-112.256469543495
166.084963327168,-111.426141262333
166.640884065099,-110.593018577133
167.192625694306,-109.757122381391
167.740174377918,-108.918473638156
168.283516384218,-108.077093379506
168.822638086987,-107.233002706024
169.357525965843,-106.386222786264
169.888166606585,-105.536774856224
170.414546701522,-104.684680218811
170.936653049817,-103.829960243306
171.454472557807,-102.972636364833
171.967992239341,-102.112730083815
172.477199216097,-101.25026296544
172.982080717913,-100.385256639117
173.482624083102,-99.517732797934
173.978816758772,-98.6477131981157
174.470646301138,-97.7752196584766
174.958100375837,-96.9002740598736
175.441166758237,-96.0228983446578
175.919833333742,-95.143114516124
176.394088098098,-94.2609446379591
176.863919157691,-93.3764108336883
177.329314729848,-92.4895352861211
177.79026314313,-91.600340236794
178.24675283763,-90.7088479854135
178.698772365255,-89.8150808892963
179.146310390019,-88.9190613628093
179.589355688325,-88.0208118768066
180.027897149249,-87.1203549580666
180.461923774813,-86.2177131887268
180.891424680268,-85.3129092057176
181.316389094361,-84.4059657001946
181.736806359608,-83.4969054169692
182.152665932562,-82.5857511539391
182.563957384076,-81.6725257615153
182.970670399563,-80.7572521420499
183.372794779258,-79.8399532492615
183.770320438472,-78.9206520876598
184.163237407845,-77.9993717119683
184.551535833596,-77.0761352265462
184.935205977772,-76.1509657848092
185.314238218487,-75.2238865886485
185.68862305017,-74.2949208878494
186.058351083799,-73.3640919795076
186.423413047138,-72.431423207446
186.783799784968,-71.4969379616279
187.13950225932,-70.5606596775713
187.490511549697,-69.622611835761
187.836818853301,-68.68281796106
188.178415485255,-67.7413016221184
188.515292878815,-66.7980864307842
188.847442585592,-65.8531960415094
189.174856275758,-64.9066541507581
189.49752573826,-63.9584844964107
189.815442881019,-63.0087108571707
190.128599731142,-62.0573570519661
190.436988435114,-61.1044469393543
190.740601258999,-60.1500044169213
191.039430588633,-59.1940534206844
191.333468929816,-58.2366179244917
191.622708908497,-57.2777219394191
191.907143270963,-56.3173895131705
192.186764884017,-55.3556447294732
192.461566735159,-54.3925117074747
192.731541932764,-53.4280146011367
192.996683706248,-52.4621775986311
193.256985406247,-51.4950249217315
193.512440504774,-50.5265808252078
193.763042595392,-49.5568695962155
194.008785393368,-48.5859155536888
194.249662735833,-47.6137430477298
194.485668581937,-46.6403764589975
194.716797013,-45.665840198097
194.943042232661,-44.6901587049668
195.16439856702,-43.7133564482669
195.380860464788,-42.735457924763
195.592422497416,-41.7564876587151
195.799079359239,-40.7764702012598
196.000825867608,-39.7954301297967
196.197656963016,-38.81339204737
196.389567709227,-37.830380582053
196.576553293402,-36.8464203863305
196.758609026218,-35.8615361364795
196.935730341983,-34.8757525319509
197.107912798755,-33.8890942947502
197.275152078451,-32.9015861688179
197.437443986955,-31.9132529194077
197.594784454224,-30.9241193324665
197.747169534391,-29.9342102140125
197.894595405862,-28.9435503895134
198.037058371411,-27.9521647032628
198.174554858277,-26.9600780177583
198.307081418251,-25.9673152130777
198.434634727759,-24.9739011862545
198.557211587953,-23.9798608506541
198.674808924785,-22.9852191353485
198.787423789087,-21.9900009844921
198.895053356642,-20.9942313566949
198.99769492826,-19.9979352243971
199.09534592984,-19.001137573243
199.188003912439,-18.0038634014545
199.27566655233,-17.0061377192038
199.358331651064,-16.0079855479857
199.43599713552,-15.0094319199918
199.508661057963,-14.0105018774807
199.576321596088,-13.0112204721519
199.638977053068,-12.0116127645152
199.696625857596,-11.011703823265
199.749266563925,-10.0115187246494
199.796897851903,-9.01108255184214
199.839518527008,-8.01042039431362
199.877127520375,-7.009557347202
199.909723888826,-6.00851851068312
199.937306814893,-5.00732898934082
199.959875606835,-4.00601389153897
199.97742969866,-3.00459832878983
199.989968650139,-2.00310741512605
199.997492146811,-1.00156626646874
200,1.22464679914735e-14
200.009012214328,1.34252063133977
200.036047232911,2.68479928100614
200.081100182843,4.02659401094151
200.144162943586,5.36766297031216
200.225224148437,6.70776443910025
200.324269186579,8.04665687167261
200.441280205708,9.38409894031796
200.576236115257,10.7198495787448
200.729112590195,12.0536680255323
200.899882075409,13.3853138675262
201.088513790677,14.7145470831716
201.294973736209,16.0411280857761
201.519224698779,17.364817766693
201.761226258434,18.6853775384205
202.020934795773,20.0025693776045
202.298303499818,21.3161558679416
202.593282376445,22.6259002429722
202.905818257395,23.9315664287558
203.235854809862,25.2329190864222
203.583332546644,26.5297236545901
203.948188836863,27.8217463916453
204.330357917257,29.1087544178713
204.729770904035,30.3905157574247
205.146355805285,31.6667993801472
205.580037533962,32.937375243208
206.030737921409,34.2020143325669
206.498375731459,35.4604887042536
206.982866675066,36.7125715254527
207.484123425508,37.9580371153896
208.002055634118,39.1966609860075
208.536569946575,40.4282198824305
209.087570019728,41.652491823204
209.654956538962,42.8692561403054
210.238627236099,44.0782935189186
210.83847690783,45.2793860369637
211.454397434679,46.4723172043769
212.086277800491,47.6568720021308
212.734004112439,48.8328369209911
213.397459621556,50
214.076524743778,51.158150864681
214.771077081497,52.3070807649578
215.480991445621,53.4465826127801
216.206139878142,54.5764510194504
216.946391675199,55.6964823326439
217.701613410634,56.8064746731156
218.471668960046,57.9062279710879
219.256419525319,58.9955440023123
220.05572365965,60.0742264237979
220.869437293034,61.1420808092012
221.697413758238,62.1989146838704
222.539503817235,63.2445375595377
223.395555688102,64.2787609686539
224.265415072382,65.3013984983585
225.14892518289,66.3122658240795
226.045926771976,67.311180742757
226.95625816023,68.2979632056842
227.879755265619,69.27243535096
228.816251633066,70.2344215355478
229.765578464452,71.1837483669341
230.72756464904,72.1202447343815
231.702036794316,73.0437418397703
232.688819257243,73.9540732280237
233.68773417592,74.8510748171101
234.698601501642,75.734584927618
235.721239031346,76.6044443118978
236.755462440462,77.4604961827655
237.80108531613,78.3025862417622
238.857919190799,79.1305627069662
239.925773576202,79.9442763403501
241.004455997688,80.7435804746807
242.093772028912,81.5283310399544
243.193525326884,82.2983865893656
244.303517667356,83.0536083248012
245.42354898055,83.7938601218581
246.55341738722,84.5190085543795
247.692919235042,85.2289229185034
248.841849135319,85.9234752562217
250,86.6025403784439
251.167163079009,87.2659958875614
252.343127997869,87.9137221995095
253.527682795623,88.545602565321
254.720613963036,89.1615230921703
255.921706481081,89.7613727639014
257.130743859695,90.3450434610382
258.347508176796,90.9124299802724
259.57178011757,91.4634300534255
260.803339013993,91.9979443658824
262.04196288461,92.5158765744924
263.287428474547,93.0171333249338
264.539511295746,93.5016242685415
265.797985667433,93.9692620785908
267.062624756792,94.4199624660385
268.333200619853,94.8536441947145
269.609484242575,95.2702290959653
270.891245582129,95.6696420827425
272.178253608355,96.0518111631372
273.47027634541,96.4166674533562
274.767080913578,96.7641451901378
276.068433571244,97.0941817426052
277.374099757028,97.4067176235555
278.683844132058,97.7016965001817
279.997430622396,97.9790652042268
281.31462246158,98.2387737415665
282.635182233307,98.4807753012208
283.958871914224,98.7050262637913
285.285452916828,98.9114862093232
286.614686132474,99.1001179245908
287.946331974468,99.2708874098054
289.280150421255,99.4237638847428
290.615901059682,99.5587197942919
291.953343128327,99.675730813421
293.2922355609,99.7747758515625
294.632337029688,99.8558370564142
295.973405989059,99.918899817157
297.315200718994,99.9639527670885
298.65747936866,99.9909877856721
300,100
301.34252063134,99.9909877856721
302.684799281006,99.9639527670885
304.026594010941,99.918899817157
305.367662970312,99.8558370564142
306.7077644391,99.7747758515625
308.046656871673,99.675730813421
309.384098940318,99.5587197942919
310.719849578745,99.4237638847428
312.053668025532,99.2708874098054
313.385313867526,99.1001179245908
314.714547083172,98.9114862093232
316.041128085776,98.7050262637913
317.364817766693,98.4807753012208
318.68537753842,98.2387737415665
320.002569377604,97.9790652042268
321.316155867942,97.7016965001817
322.625900242972,97.4067176235555
323.931566428756,97.0941817426052
325.232919086422,96.7641451901378
326.52972365459,96.4166674533562
327.821746391645,96.0518111631372
329.108754417871,95.6696420827425
330.390515757425,95.2702290959653
331.666799380147,94.8536441947146
332.937375243208,94.4199624660385
334.202014332567,93.9692620785908
335.460488704254,93.5016242685415
336.712571525453,93.0171333249338
337.95803711539,92.5158765744924
339.196660986008,91.9979443658824
340.428219882431,91.4634300534255
341.652491823204,90.9124299802724
342.869256140305,90.3450434610382
344.078293518919,89.7613727639014
345.279386036964,89.1615230921703
346.472317204377,88.545602565321
347.656872002131,87.9137221995095
348.832836920991,87.2659958875614
350,86.6025403784439
351.158150864681,85.9234752562217
352.307080764958,85.2289229185033
353.44658261278,84.5190085543795
354.57645101945,83.7938601218581
355.696482332644,83.0536083248012
356.806474673116,82.2983865893656
357.906227971088,81.5283310399544
358.995544002312,80.7435804746807
360.074226423798,79.9442763403501
361.142080809201,79.1305627069662
362.19891468387,78.3025862417622
363.244537559538,77.4604961827655
364.278760968654,76.6044443118978
365.301398498359,75.734584927618
366.31226582408,74.8510748171101
367.311180742757,73.9540732280237
368.297963205684,73.0437418397703
369.27243535096,72.1202447343815
370.234421535548,71.1837483669341
371.183748366934,70.2344215355478
372.120244734381,69.2724353509599
373.04374183977,68.2979632056842
373.954073228024,67.311180742757
374.85107481711,66.3122658240795
375.734584927618,65.3013984983585
376.604444311898,64.2787609686539
377.460496182765,63.2445375595377
378.302586241762,62.1989146838704
379.130562706966,61.1420808092012
379.94427634035,60.0742264237979
380.743580474681,58.9955440023123
381.528331039954,57.9062279710879
382.298386589366,56.8064746731156
383.053608324801,55.6964823326439
383.793860121858,54.5764510194504
384.519008554379,53.4465826127801
385.228922918503,52.3070807649578
385.923475256222,51.158150864681
386.602540378444,50
387.265995887561,48.8328369209911
387.913722199509,47.6568720021308
388.545602565321,46.4723172043768
389.16152309217,45.2793860369637
389.761372763901,44.0782935189186
390.345043461038,42.8692561403054
390.912429980272,41.652491823204
391.463430053425,40.4282198824305
391.997944365882,39.1966609860075
392.515876574492,37.9580371153897
393.017133324934,36.7125715254528
393.501624268541,35.4604887042536
393.969262078591,34.2020143325668
394.419962466038,32.937375243208
394.853644194715,31.6667993801472
395.270229095965,30.3905157574247
395.669642082742,29.1087544178713
396.051811163137,27.8217463916453
396.416667453356,26.5297236545901
396.764145190138,25.2329190864222
397.094181742605,23.9315664287558
397.406717623555,22.6259002429722
397.701696500182,21.3161558679416
397.979065204227,20.0025693776044
398.238773741566,18.6853775384205
398.480775301221,17.364817766693
398.705026263791,16.041128085776
398.911486209323,14.7145470831716
399.100117924591,13.3853138675262
399.270887409805,12.0536680255323
399.423763884743,10.7198495787448
399.558719794292,9.38409894031794
399.675730813421,8.0466568716726
399.774775851562,6.70776443910028
399.855837056414,5.36766297031215
399.918899817157,4.0265940109415
399.963952767089,2.68479928100608
399.990987785672,1.34252063133976
400,0
399.99050722506,-1.37784791440964
399.962030702495,-2.7554342368162
399.91457583873,-4.13249742488131
399.848151643332,-5.50877603558652
399.762770727298,-6.8840087748698
399.658449300667,-8.25793454723328
399.535207169434,-9.63029250531422
399.393067731795,-11.000822099408
399.232057973705,-12.3692631269348
399.05220846375,-13.7353557818408
398.853553347351,-15.0988407039237
398.636130340272,-16.4594590280734
398.399980721468,-17.8169524334194
398.145149325242,-19.1710631923739
397.871684532735,-20.5215342195635
397.579638262744,-21.8681091206376
397.269065961856,-23.2105322409468
396.940026593933,-24.5485487140799
396.592582628907,-25.8819045102521
396.226800030925,-27.2103464845335
395.842748245825,-28.5336224249106
395.440500187951,-29.8514811001695
395.020132226307,-31.1636723075942
394.581724170063,-32.4699469204684
394.1253592534,-33.7700569353739
393.651124119705,-35.0637555192754
393.159108805128,-36.350797056383
392.64940672148,-37.6309371947835
392.122114638506,-38.9039328928327
391.577332665506,-40.169542465297
391.015164232334,-41.4275256292399
390.435716069758,-42.6776435496404
389.839098189198,-43.9196588847371
389.225423861839,-45.1533358310889
388.594809597128,-46.378440168344
387.947375120649,-47.5947393037073
387.283243351398,-48.8020023160998
386.602540378444,-50
385.905395436988,-51.1885049089601
385.191940883833,-52.3672913987878
384.462312172246,-53.5361356703861
383.716647826253,-54.6948158122427
382.955089414328,-55.8431118425614
382.177781522525,-56.9808057510266
381.384871727019,-58.1076815401939
380.576510566098,-59.223525266498
379.752851511571,-60.3281250808719
378.914050939639,-61.4212712689668
378.060268101204,-62.5027562909679
377.191665091632,-63.5723748209968
376.308406819981,-64.6299237860941
375.41066097769,-65.6752024047734
374.498598006744,-66.7080122251413
373.572391067313,-67.7281571625741
372.632216004878,-68.7354435369459
371.678251316845,-69.7296801093996
370.699457505076,-70.7314575050762
369.942970692497,-71.4981988203438
369.196875515289,-72.2750556467234
368.461307222386,-73.0618871589423
367.736399154452,-73.8585507235599
367.022282719711,-74.664901924823
366.319087370127,-75.4807945908453
365.626940577937,-76.3060808201048
364.94596781254,-77.1406110082546
364.276292517759,-77.9842338752424
363.618036089458,-78.8367964927344
362.971317853537,-79.698144311837
362.336255044304,-80.568121191113
361.712962783221,-81.4465694248862
361.101554058035,-82.3333297718295
360.502139702296,-83.2282414838318
359.914828375266,-84.1311423351372
359.339726542225,-85.0418686517532
358.776938455163,-85.9602553411204
358.226566133892,-86.8861359220399
357.688709347544,-87.8193425548522
357.163465596491,-88.7597060718628
356.650930094665,-89.7070560080076
356.151195752305,-90.6612206317546
355.664353159106,-91.6220269762345
355.190490567806,-92.5893008705953
354.729693878183,-93.5628669715754
354.282046621484,-94.5425487952887
353.847629945282,-95.5281687492175
353.426522598768,-96.5195481644051
353.018800918477,-97.5165073278444
352.624538814444,-98.5188655150555
352.243807756814,-99.5264410228465
351.876676762877,-100.539051202252
351.523212384567,-101.556512491644
351.183478696388,-102.578640450004
350.857537283806,-103.605249790362
350.545447232083,-104.63615441338
350.247265115563,-105.671167441092
349.963044987422,-106.710101250776
349.692838369865,-107.752767508968
349.436694244788,-108.798977205604
349.1946590449,-109.848540688277
348.966776645303,-110.901267696622
348.753088355541,-111.956967396803
348.55363291211,-113.015448416109
348.368446471437,-114.076518877641
348.197562603326,-115.139986435099
348.041012284871,-116.205658307645
347.898823894842,-117.273341314856
347.771023208541,-118.342841911735
347.657633393127,-119.413966223805
347.558675003421,-120.486520082243
347.474165978173,-121.56030905909
347.404121636819,-122.635138502485
347.348554676695,-123.710813571959
347.307475170741,-124.78713927375
347.280890565675,-125.863920496152
347.26880568064,-126.940962044886
347.27122270633,-128.01806867848
347.2881412046,-129.095045143664
347.319558108534,-130.171696210767
347.365467723013,-131.2478267091
347.425861725738,-132.323241562345
347.500729168744,-133.397745823911
347.590056480381,-134.471144712275
347.693827467778,-135.543243646291
347.812023319775,-136.613848280466
347.944622610336,-137.682764540183
348.091601302429,-138.74979865689
348.252932752389,-139.814757203218
348.428587714742,-140.877447128054
348.61853434751,-141.937675791524
348.822738217982,-142.995250999928
349.041162308958,-144.049981040567
349.273767025454,-145.101674716505
349.520510201886,-146.150141381225
349.78134710971,-147.195190973188
350.056230465529,-148.236634050288
350.345110439668,-149.274281824191
350.647934665206,-150.307946194561
350.964648247465,-151.337439783156
351.295193773966,-152.362575967795
351.639511324835,-153.383168916187
351.997538483662,-154.399033619623
352.369210348821,-155.409985926507
352.754459545231,-156.415842575743
353.153216236569,-157.416421229951
353.565408137934,-158.411540508528
353.990960528947,-159.401020020518
354.429796267295,-160.384680397322
354.881835802718,-161.362343325206
355.34699719143,-162.333831577629
355.825196110969,-163.29896904737
356.316345875487,-164.257580778447
356.820357451461,-165.20949299784
357.337139473836,-166.154533146985
357.866598262583,-167.092529913058
358.408637839685,-168.02331326003
358.963159946532,-168.946714459489
359.530064061737,-169.862566121227
360.109247419354,-170.770702223584
360.700605027508,-171.670958143545
361.304029687429,-172.563170686577
361.919412012884,-173.44717811622
362.546640450004,-174.322820183398
363.185601297511,-175.189938155475
363.836178727322,-176.048374845025
364.498254805553,-176.897974638327
365.171709513892,-177.738583523577
365.856420771359,-178.570049118802
366.552264456436,-179.392220699486
367.259114429563,-180.204949225892
367.976842556012,-181.00808737008
368.705318729105,-181.801489542613
369.444410893809,-182.585011918949
370.193985070665,-183.358512465513
370.953905380084,-184.121850965445
371.724034066972,-184.874889044015
372.504231525705,-185.617490193713
373.294356325434,-186.349519798987
374.094265235726,-187.070845160652
374.903813252525,-187.78133551994
375.72285362444,-188.480862082208
376.551237879347,-189.169298040281
377.388815851301,-189.846518597442
378.235435707762,-190.512400990055
379.090943977113,-191.166824509816
379.955185576487,-191.809670525637
380.828003839874,-192.44082250515
381.709240546524,-193.060166035833
382.598735949627,-193.667588845746
383.496328805273,-194.26298082389
384.40185640168,-194.846234040161
385.315154588691,-195.417242764918
386.236057807528,-195.975903488149
387.164399120806,-196.522114938236
388.100010242796,-197.055778100309
389.042721569927,-197.576796234201
389.992362211534,-198.085074891979
390.948760020836,-198.580521935069
391.911741626142,-199.063047550957
392.881132462277,-199.53256426947
393.856756802229,-199.98898697863
394.838437789005,-200.432232940087
395.825997467686,-200.862221804116
396.819256817691,-201.278875624179
397.818035785226,-201.68211887106
398.822153315925,-202.071878446553
399.831427387669,-202.448083696714
400.845675043587,-202.810666424669
401.864712425212,-203.159560902978
402.888354805822,-203.494703885546
403.916416623917,-203.81603461909
404.948711516862,-204.123494854155
405.985052354666,-204.417028855668
407.025251273909,-204.696583413045
408.069119711795,-204.962107849833
409.11646844033,-205.213554032904
410.167107600631,-205.450876381172
411.220846737338,-205.674031873859
412.277494833142,-205.882980058295
413.336860343409,-206.07768305725
414.398751230904,-206.2581055758
415.462975000603,-206.424214907724
416.529338734588,-206.575980941435
417.597649127014,-206.713376165438
418.667712519158,-206.836375673316
419.739334934519,-206.944957168246
420.812322113983,-207.039100967041
421.886479551037,-207.118790003716
422.96161252703,-207.184009832586
424.037526146468,-207.234748630878
425.114025372347,-207.270997200882
426.190915061505,-207.292748971612
427.268,-207.3
427.268,-207.3
428.351274704538,-207.292665388237
429.434350774091,-207.270662897863
430.517029610097,-207.233996563369
431.599112686833,-207.18267310809
432.680401587818,-207.116701942965
433.760698042195,-207.036095164818
434.839803961085,-206.940867554133
435.917521473915,-206.831036572349
436.993652964697,-206.706622358656
438.068001108263,-206.567647726305
439.14036890645,-206.414138158417
440.210559724221,-206.246121803322
441.278377325722,-206.063629469387
442.343625910265,-205.866694619372
443.40611014823,-205.655353364295
444.465635216882,-205.429644456807
445.522006836095,-205.189609284087
446.575031303976,-204.935291860257
447.624515532385,-204.666738818305
448.670267082338,-204.383999401538
449.712094199293,-204.087125454553
450.749805848315,-203.776171413729
451.783211749102,-203.451194297244
452.812122410878,-203.112253694624
453.836349167137,-202.759411755811
454.855704210238,-202.392733179772
455.870000625843,-202.012285202631
456.879052427193,-201.618137585343
457.882674589207,-201.210362600903
458.880683082412,-200.78903502109
459.872894906688,-200.354232102759
460.859128124821,-199.906033573677
461.839201895868,-199.444521617897
462.812936508312,-198.969780860695
463.780153413022,-198.48189835305
464.740675255983,-197.980963555682
465.694325910827,-197.467068322646
466.640930511121,-196.940306884494
467.580315482433,-196.400775830991
468.512308574162,-195.848574093407
469.436738891121,-195.283802926377
470.353436924872,-194.706565889332
471.262234584812,-194.11696882751
472.162965228991,-193.515119852551
473.055463694667,-192.901129322669
473.9395663286,-192.275109822417
474.815111017047,-191.637176142046
475.681937215501,-190.987445256452
476.539885978121,-190.32603630373
477.388799986879,-189.653070563327
478.228523580409,-188.968671433805
479.058902782546,-188.272964410211
479.879785330565,-187.566077061068
480.691020703096,-186.848139004982
481.492460147725,-186.119281886876
482.283956708274,-185.37963935385
483.065365251743,-184.629347030676
483.836542494924,-183.868542494924
484.597347030676,-183.097365251743
485.34763935385,-182.315956708274
486.087281886876,-181.524460147725
486.816139004982,-180.723020703096
487.534077061068,-179.911785330565
488.240964410211,-179.090902782546
488.936671433805,-178.260523580409
489.621070563327,-177.420799986879
490.29403630373,-176.571885978121
490.955445256452,-175.713937215501
491.605176142046,-174.847111017047
492.243109822417,-173.9715663286
492.869129322669,-173.087463694667
493.483119852551,-172.194965228991
494.08496882751,-171.294234584812
494.674565889332,-170.385436924872
495.251802926377,-169.468738891121
495.816574093407,-168.544308574162
496.368775830991,-167.612315482433
496.908306884494,-166.672930511121
497.435068322646,-165.726325910827
497.948963555682,-164.772675255983
498.44989835305,-163.812153413022
498.937780860695,-162.844936508312
499.412521617897,-161.871201895868
499.874033573677,-160.891128124821
500.322232102759,-159.904894906688
500.75703502109,-158.912683082412
501.178362600903,-157.914674589207
501.586137585343,-156.911052427193
501.980285202631,-155.902000625843
502.360733179772,-154.887704210238
502.727411755811,-153.868349167137
503.080253694624,-152.844122410878
503.419194297244,-151.815211749102
503.744171413729,-150.781805848315
504.055125454553,-149.744094199293
504.351999401538,-148.702267082338
504.634738818305,-147.656515532385
504.903291860257,-146.607031303976
505.157609284087,-145.554006836095
505.397644456807,-144.497635216882
505.623353364295,-143.43811014823
505.834694619372,-142.375625910265
506.031629469387,-141.310377325723
506.214121803322,-140.242559724221
506.382138158417,-139.17236890645
506.535647726305,-138.100001108263
506.674622358656,-137.025652964697
506.799036572349,-135.949521473915
506.908867554133,-134.871803961085
507.004095164818,-133.792698042194
507.084701942965,-132.712401587818
507.15067310809,-131.631112686833
507.201996563369,-130.549029610097
507.238662897863,-129.466350774091
507.260665388237,-128.383274704538
507.268,-127.3
507.261,-129
507.261930811348,-128.665789743846
507.264723216511,-128.331589857248
507.269377128849,-127.997410709442
507.275892403964,-127.663262669019
507.284268839708,-127.329156103605
507.294506176185,-126.99510137954
507.306604095759,-126.661108861554
507.320562223068,-126.327188912448
507.336380125033,-125.993351892773
507.354057310871,-125.659608160503
507.373593232111,-125.325968070721
507.394987282611,-124.992441975293
507.418238798577,-124.659040222547
507.443347058583,-124.325773156956
507.470311283595,-123.992651118811
507.499130636991,-123.659684443904
507.529804224593,-123.326883463208
507.56233109469,-122.994258502554
507.596710238068,-122.661819882311
507.632940588046,-122.329577917067
507.671021020502,-121.997542915309
507.710950353912,-121.665725179102
507.752727349388,-121.334135003769
507.796350710713,-121.002782677573
507.841819084383,-120.671678481399
507.889131059649,-120.34083268843
507.938285168559,-120.010255563835
507.989279886008,-119.679957364444
508.042113629779,-119.349948338435
508.096784760598,-119.020238725012
508.153291582182,-118.690838754091
508.211632341289,-118.361758645978
508.27180522778,-118.033008611059
508.333808374667,-117.704598849473
508.397639858176,-117.376539550807
508.463297697805,-117.04884089377
508.530779856384,-116.721513045883
508.600084240142,-116.394566163163
508.671208698769,-116.068010389805
508.744151025482,-115.74185585787
508.818908957098,-115.416112686968
508.895480174098,-115.090790983948
508.973862300703,-114.765900842582
509.054052904949,-114.441452343249
509.136049498756,-114.117455552628
509.219849538015,-113.793920523383
509.305450422656,-113.470857293849
509.392849496737,-113.148275887723
509.482044048524,-112.826186313753
509.573031310573,-112.504598565427
509.665808459818,-112.183522620663
509.760372617659,-111.862968441497
509.856720850048,-111.54294597378
509.954850167585,-111.223465146862
510.054757525608,-110.90453587329
510.156439824286,-110.586168048496
510.259893908718,-110.268371550493
510.365116569029,-109.951156239567
510.472104540472,-109.634531957973
510.580854503525,-109.318508529626
510.691363083999,-109.003095759799
510.803626853138,-108.688303434817
510.917642327731,-108.374141321758
511.033405970214,-108.060619168143
511.150914188782,-107.747746701637
511.270163337504,-107.435533629749
511.39114971643,-107.123989639528
511.513869571711,-106.813124397263
511.638319095712,-106.502947548185
511.764494427132,-106.193468716163
511.892391651124,-105.884697503412
512.022006799414,-105.57664349019
512.153335850428,-105.269316234503
512.286374729414,-104.962725271807
512.421119308567,-104.656880114714
512.557565407162,-104.351790252695
512.69570879168,-104.047465151788
512.83554517594,-103.7439142543
512.977070221231,-103.441146978519
513.12027953645,-103.139172718419
513.265168678235,-102.838000843369
513.411733151105,-102.537640697842
513.559968407596,-102.238101601126
513.709869848407,-101.939392847034
513.861432822539,-101.641523703616
514.014652627441,-101.34450341287
514.169524509154,-101.04834119046
514.326043662463,-100.753046225424
514.48420523104,-100.458627679891
514.6440043076,-100.165094688799
514.805435934048,-99.8724563596098
514.96849510164,-99.5807217720257
515.13317675113,-99.2898999777088
515.299475772934,-99
515.467387007284,-98.711030833639
515.636905244392,-98.4230014444849
515.808025224606,-98.1359207692388
515.980741638581,-97.8497977151655
516.155049127435,-97.5646411598179
516.330942282924,-97.2804599507612
516.5084156476,-96.9972629052986
516.687463714992,-96.7150588101976
516.868080929766,-96.4338564214173
517.050261687904,-96.1536644638368
517.234000336875,-95.8744916309846
517.419291175812,-95.5963465847687
517.606128455688,-95.319237955208
517.794506379494,-95.0431743401643
517.98441910242,-94.7681643050758
518.175860732035,-94.4942163826914
518.368825328472,-94.2213390728053
518.563306904608,-93.9495408419943
518.759299426256,-93.6788301233542
518.956796812346,-93.4092153162387
519.155792935119,-93.1407047859984
519.356281620312,-92.8733068637217
519.558256647355,-92.6070298459759
519.761711749559,-92.3418819945501
519.966640614313,-92.0778715361984
520.17303688328,-91.8150066623853
520.380894152595,-91.553295529031
520.590205973059,-91.2927462562586
520.800965850347,-91.0333669281421
521.013167245202,-90.7751655924555
521.22680357364,-90.5181502604234
521.44186820716,-90.2623289064719
521.65835447294,-90.0077094679816
521.876255654052,-89.7542998450415
522.095564989665,-89.5021079002031
522.316275675259,-89.2511414582373
522.538380862834,-89.0014083058913
522.761873661123,-88.7529161916466
522.986747135803,-88.5056728254793
523.212994309716,-88.2596858786205
523.44060816308,-88.0149629833181
523.66958163371,-87.7715117326005
523.899907617237,-87.5293396800406
524.131578967324,-87.2884543395215
524.364588495896,-87.0488631850034
524.598928973354,-86.8105736502919
524.834593128807,-86.5735931288071
525.071573650292,-86.3379289733544
525.309863185003,-86.1035884958959
525.549454339521,-85.8705789673242
525.790339680041,-85.6389076172366
526.0325117326,-85.4085816337102
526.275962983318,-85.1796081630798
526.52068587862,-84.9519943097156
526.766672825479,-84.7257471358027
527.013916191647,-84.5008736611225
527.262408305891,-84.2773808628343
527.512141458237,-84.0552756752593
527.763107900203,-83.8345649896649
528.015299845041,-83.6152556540517
528.268709467982,-83.3973544729402
528.523328906472,-83.1808682071601
528.779150260423,-82.9658035736405
529.036165592456,-82.7521672452016
529.294366928142,-82.5399658503472
529.553746256259,-82.3292059730596
529.814295529031,-82.1198941525948
530.076006662385,-81.9120368832803
530.338871536198,-81.7056406143129
530.60288199455,-81.5007117495587
530.868029845976,-81.297256647355
531.134306863722,-81.0952816203123
531.401704785998,-80.8947929351189
531.670215316239,-80.6957968123462
531.939830123354,-80.4982994262559
532.210540841994,-80.3023069046081
532.482339072805,-80.1078253284718
532.755216382691,-79.9148607320355
533.029164305076,-79.7234191024203
533.304174340164,-79.5335063794944
533.580237955208,-79.3451284556883
533.857346584769,-79.1582911758123
534.135491630985,-78.9730003368752
534.414664463837,-78.789261687904
534.694856421417,-78.6070809297662
534.976058810198,-78.4264637149922
535.258262905299,-78.2474156476005
535.541459950761,-78.0699422829236
535.825641159818,-77.8940491274354
536.110797715165,-77.7197416385809
536.396920769239,-77.5470252246063
536.684001444485,-77.3759052443916
536.972030833639,-77.2063870072841
537.261,-77.0384757729337
537.550899977709,-76.8721767511298
537.841721772026,-76.7074951016397
538.13345635961,-76.5444359340483
538.426094688799,-76.3830043075997
538.719627679891,-76.2232052310403
539.014046225423,-76.0650436624631
539.30934119046,-75.9085245091543
539.60550341287,-75.7536526274406
539.902523703616,-75.600432822539
540.200392847034,-75.4488698484071
540.499101601126,-75.2989684075962
540.798640697842,-75.150733151105
541.099000843369,-75.0041686782355
541.400172718419,-74.8592795364502
541.702146978519,-74.7160702212309
542.0049142543,-74.5745451759395
542.308465151788,-74.4347087916801
542.612790252695,-74.2965654071622
542.917880114714,-74.160119308567
543.223725271807,-74.0253747294137
543.530316234503,-73.8923358504284
543.83764349019,-73.7610067994143
544.145697503412,-73.6313916511238
544.454468716163,-73.503494427132
544.763947548185,-73.3773190957118
545.074124397263,-73.2528695717107
545.384989639528,-73.13014971643
545.696533629749,-73.0091633375038
546.008746701637,-72.8899141887822
546.321619168143,-72.7724059702138
546.635141321758,-72.6566423277313
546.949303434817,-72.5426268531385
547.264095759799,-72.4303630839987
547.579508529626,-72.3198545035249
547.895531957973,-72.2111045404717
548.212156239567,-72.1041165690291
548.529371550493,-71.9988939087177
548.847168048496,-71.8954398242859
549.16553587329,-71.793757525608
549.484465146862,-71.6938501675853
549.80394597378,-71.5957208500479
550.123968441497,-71.4993726176585
550.444522620663,-71.4048084598182
550.765598565427,-71.3120313105731
551.087186313753,-71.2210440485243
551.409275887723,-71.1318494967374
551.731857293849,-71.0444504226559
552.054920523383,-70.9588495380148
552.378455552628,-70.8750494987565
552.702452343249,-70.7930529049486
553.026900842582,-70.7128623007033
553.351790983948,-70.6344801740978
553.677112686968,-70.557908957098
554.00285585787,-70.4831510254825
554.329010389805,-70.4102086987689
554.655566163163,-70.3390842401422
554.982513045883,-70.2697798563841
555.30984089377,-70.2022976978048
555.637539550807,-70.1366398581763
555.965598849473,-70.0728083746673
556.294008611059,-70.0108052277802
556.622758645978,-69.9506323412893
556.951838754091,-69.8922915821816
557.281238725012,-69.8357847605983
557.610948338435,-69.7811136297792
557.940957364444,-69.7282798860078
558.271255563835,-69.6772851685592
558.60183268843,-69.6281310596488
558.932678481399,-69.5808190843832
559.263782677573,-69.5353507107132
559.595135003769,-69.4917273493882
559.926725179102,-69.449950353912
560.258542915309,-69.4100210205015
560.590577917067,-69.3719405880459
560.922819882311,-69.3357102380684
561.255258502554,-69.3013310946898
561.587883463208,-69.2688042245932
561.920684443904,-69.2381306369913
562.253651118811,-69.2093112835949
562.586773156956,-69.1823470585834
562.920040222547,-69.157238798577
563.253441975293,-69.1339872826108
563.586968070721,-69.1125932321107
563.920608160503,-69.0930573108707
564.254351892773,-69.0753801250329
564.588188912448,-69.059562223068
564.922108861554,-69.0456040957588
565.256101379539,-69.0335061761847
565.590156103605,-69.0232688397085
565.924262669019,-69.0148924039645
566.258410709442,-69.0083771288486
566.592589857248,-69.0037232165106
566.926789743846,-69.0009308113477
567.261,-69
570,-69
571,-69
572,-69
573,-69
574,-69
575,-69
576,-69
577,-69
578,-69
579,-69
580,-69
581,-69
582,-69
583,-69
584,-69
585,-69
586,-69
587,-69
588,-69
589,-69
590,-69
591,-69
592,-69
593,-69
594,-69
595,-69
596,-69
597,-69
598,-69
599,-69
600,-69
601,-69
602,-69
603,-69
604,-69
605,-69
606,-69
607,-69
608,-69
609,-69
610,-69
611,-69
612,-69
613,-69
614,-69
615,-69
616,-69
617,-69
618,-69
619,-69
620,-69
621,-69
622,-69
623,-69
624,-69
625,-69
626,-69
627,-69
628,-69
629,-69
630,-69
631,-69
632,-69
633,-69
634,-69
635,-69
636,-69
637,-69
638,-69
639,-69
640,-69
641,-69
642,-69
643,-69
644,-69
645,-69
646,-69
647,-69
648,-69
649,-69
650,-69
651,-69
652,-69
653,-69
654,-69
655,-69
656,-69
657,-69
658,-69
659,-69
660,-69
661,-69
662,-69
663,-69
664,-69
665,-69
666,-69
667,-69
668,-69
669,-69
670,-69
671,-69
672,-69
673,-69
674,-69
675,-69
676,-69
677,-69
678,-69
679,-69
680,-69
681,-69
682,-69
683,-69
684,-69
685,-69
686,-69
687,-69
688,-69
689,-69
690,-69
691,-69
692,-69
693,-69
694,-69
695,-69
696,-69
697,-69
698,-69
699,-69
700,-69
701,-69
702,-69
703,-69
704,-69
705,-69
706,-69
707,-69
708,-69
709,-69
710,-69
711,-69
712,-69
713,-69
714,-69
715,-69
716,-69
717,-69
718,-69
719,-69
720,-69
721,-69
722,-69
723,-69
724,-69
725,-69
726,-69
727,-69
728,-69
729,-69
730,-69
731,-69
732,-69
733,-69
734,-69
735,-69
736,-69
737,-69
738,-69
739,-69
740,-69
741,-69
742,-69
743,-69
744,-69
745,-69
746,-69
747,-69
748,-69
749,-69
750,-69
751,-69
752,-69
753,-69
754,-69
755,-69
756,-69
757,-69
758,-69
759,-69
760,-69
761,-69
762,-69
763,-69
764,-69
765,-69
766,-69
767,-69
768,-69
769,-69
770,-69
771,-69
772,-69
773,-69
774,-69
775,-69
776,-69
777,-69
778,-69
779,-69
780,-69
781,-69
782,-69
783,-69
784,-69
785,-69
786,-69
787,-69
788,-69
789,-69
790,-69
791,-69
792,-69
793,-69
794,-69
795,-69
796,-69
797,-69
798,-69
799,-69
800,-69
801,-69
802,-69
803,-69
804,-69
805,-69
806,-69
807,-69
808,-69
809,-69
810,-69
811,-69
812,-69
813,-69
814,-69
815,-69
816,-69
817,-69
818,-69
819,-69
820,-69
821,-69
822,-69
823,-69
824,-69
825,-69
826,-69
827,-69
828,-69
829,-69
830,-69
831,-69
832,-69
833,-69
834,-69
835,-69
836,-69
837,-69
838,-69
839,-69
840,-69
841,-69
842,-69
843,-69
844,-69
845,-69
846,-69
847,-69
848,-69
849,-69
850,-69
851,-69
852,-69
853,-69
854,-69
855,-69
856,-69
857,-69
858,-69
859,-69
860,-69
861,-69
862,-69
863,-69
864,-69
865,-69
866,-69
867,-69
868,-69
869,-69
870,-69
871,-69
872,-69
873,-69
874,-69
875,-69
876,-69
877,-69
878,-69
879,-69
880,-69
881,-69
882,-69
883,-69
884,-69
885,-69
886,-69
887,-69
888,-69
889,-69
890,-69
891,-69
892,-69
893,-69
894,-69
895,-69
896,-69
897,-69
898,-69
899,-69
900,-69
901,-69
902,-69
903,-69
904,-69
905,-69
906,-69
907,-69
908,-69
909,-69
910,-69
911,-69
912,-69
913,-69
914,-69
915,-69
916,-69
917,-69
918,-69
919,-69
920,-69
921,-69
922,-69
923,-69
924,-69
925,-69
926,-69
927,-69
928,-69
929,-69
930,-69
931,-69
932,-69
933,-69
934,-69
935,-69
936,-69
937,-69
938,-69
939,-69
940,-69
941,-69
942,-69
943,-69
944,-69
945,-69
946,-69
947,-69
948,-69
949,-69
950,-69
951,-69
952,-69
953,-69
954,-69
955,-69
956,-69
957,-69
958,-69
959,-69
960,-69
961,-69
962,-69
963,-69
964,-69
965,-69
966,-69
967,-69
968,-69
969,-69
